skill_id,type,skill_name,skill_category,quantum_stack_relevance,fde_to_quantum_phase,candidate_gap,theory_or_engineering,reference,project_ids,description,tooling_or_library_examples,works_with,requires,transferability_notes,works_with_names,requires_names,project_names
SK01,skill,Quantum State Representation (Hilbert Spaces & Bra-Ket Notation),Physics & Mathematics,all,Phase 1 — Foundation,yes,theory,https://en.wikipedia.org/wiki/Hilbert_space,"P01,P02,P03,P04,P05,P06,P07,P08,P09,P10,P12","Fundamental quantum mechanics: state vectors in Hilbert spaces, bra-ket notation, basis representations, and computational basis states.","QuTiP, Qiskit, numpy/scipy linear algebra","SK02,SK03,SK04,SK05,SK06",,Universal foundation. Applies to all quantum computing modalities.,"Quantum Measurement Theory (Born Rule),Quantum Decoherence & T1/T2 Relaxation,Quantum Gate Model & Clifford+T,Complex Vector Spaces & Tensor Products,Eigendecomposition & Spectral Theorem",,"Quantum-Enhanced Drug Molecule Screening via VQE,Rydberg Neutral-Atom QAOA for Logistics Route Optimisation,Photonic Quantum Sampling for Materials Discovery (Boson Sampling),Trapped-Ion Quantum Simulation for Financial Portfolio Optimisation,D-Wave Annealing + ML for Supply Chain Disruption Prediction,AI-Assisted Quantum Circuit Calibration for Multi-Qubit Gates,Post-Quantum Cryptography Migration with AI-Powered Key Management,Variational Quantum Classifier for Anomaly Detection in Sensor Networks,Secure Delegated Quantum Computation (SDQC) for Privacy-Preserving Drug Discovery,Tensor Network Classical Simulation + ML for Quantum Circuit Benchmarking,Multi-Modality Quantum Benchmark Aggregator & LLM-Powered Circuit Explainer"
SK02,skill,"Quantum Measurement Theory (Projective Measurements, POVMs & Born Rule)",Physics & Mathematics,all,Phase 1 — Foundation,yes,theory,https://en.wikipedia.org/wiki/Measurement_problem,"P01,P02,P03,P04,P05,P06,P08,P09,P10","Quantum measurement outcomes, Born rule probability interpretation, projective vs generalised measurements (POVMs), and measurement-induced state collapse.","Qiskit measurement simulation, QuTiP measurement operators","SK01,SK07,SK08",SK01,Critical for all quantum algorithm design and noise characterisation.,"Quantum Information Theory (von Neumann Entropy),Quantum Error Correction — Stabiliser Formalism",Quantum State Representation (Hilbert Spaces & Bra-Ket Notation),"Quantum-Enhanced Drug Molecule Screening via VQE,Rydberg Neutral-Atom QAOA for Logistics Route Optimisation,Photonic Quantum Sampling for Materials Discovery (Boson Sampling),Trapped-Ion Quantum Simulation for Financial Portfolio Optimisation,D-Wave Annealing + ML for Supply Chain Disruption Prediction,AI-Assisted Quantum Circuit Calibration for Multi-Qubit Gates,Variational Quantum Classifier for Anomaly Detection in Sensor Networks,Secure Delegated Quantum Computation (SDQC) for Privacy-Preserving Drug Discovery,Tensor Network Classical Simulation + ML for Quantum Circuit Benchmarking"
SK03,skill,"Quantum Decoherence & Relaxation Theory (T1/T2 Times, Lindblad Master Equation)",Physics & Mathematics,all,Phase 2 — FDE Track,yes,theory,https://en.wikipedia.org/wiki/Quantum_decoherence,"P01,P04,P06,P08","Environmental interaction causing decoherence, longitudinal (T1) and transverse (T2) relaxation times, Lindblad master equations, and noise model construction.","Qiskit Aer NoiseModel, QuTiP master equation solver, qiskit-ibmq noise characterisation","SK09,SK10,SK24","SK01,SK02","Stack-specific (superconducting, trapped-ion most sensitive). Critical for NISQ error mitigation.","NISQ-Era Limitations & Error Mitigation,Variational Quantum Eigensolver (VQE) Algorithm,ML for Quantum Error Mitigation","Quantum State Representation (Hilbert Spaces & Bra-Ket Notation),Quantum Measurement Theory (Projective Measurements, POVMs & Born Rule)","Quantum-Enhanced Drug Molecule Screening via VQE,Trapped-Ion Quantum Simulation for Financial Portfolio Optimisation,AI-Assisted Quantum Circuit Calibration for Multi-Qubit Gates,Variational Quantum Classifier for Anomaly Detection in Sensor Networks"
SK04,skill,"Quantum Gate Model & Universal Gate Sets (Clifford+T, Gate Depth)",Physics & Mathematics,all,Phase 1 — Foundation,yes,theory,https://en.wikipedia.org/wiki/Quantum_gate,"P01,P02,P03,P04,P05,P06,P08,P09,P10,P12","Unitary gate model, Clifford group, T-gate, universal gate sets, circuit depth and width metrics, gate fidelity constraints.","Qiskit gates, Cirq operations, Perceval unitary design","SK01,SK05,SK06",SK01,Universal across all modalities. Gate depth critical for NISQ-era circuits.,"Complex Vector Spaces & Tensor Products,Eigendecomposition & Spectral Theorem",Quantum State Representation (Hilbert Spaces & Bra-Ket Notation),"Quantum-Enhanced Drug Molecule Screening via VQE,Rydberg Neutral-Atom QAOA for Logistics Route Optimisation,Photonic Quantum Sampling for Materials Discovery (Boson Sampling),Trapped-Ion Quantum Simulation for Financial Portfolio Optimisation,D-Wave Annealing + ML for Supply Chain Disruption Prediction,AI-Assisted Quantum Circuit Calibration for Multi-Qubit Gates,Variational Quantum Classifier for Anomaly Detection in Sensor Networks,Secure Delegated Quantum Computation (SDQC) for Privacy-Preserving Drug Discovery,Tensor Network Classical Simulation + ML for Quantum Circuit Benchmarking,Multi-Modality Quantum Benchmark Aggregator & LLM-Powered Circuit Explainer"
SK05,skill,"Complex Vector Spaces & Inner Products (Tensor Products, Kronecker Products)",Physics & Mathematics,all,Phase 1 — Foundation,no,theory,https://en.wikipedia.org/wiki/Tensor_product,"P01,P02,P04,P06,P08,P10","Linear algebra foundations: complex vector spaces, inner products, tensor product spaces for multi-qubit systems, Kronecker product notation.","numpy, scipy.linalg, QuTiP tensor operations","SK04,SK06",SK01,Candidate has solid linear algebra from Institut d'Optique. Direct transfer.,"Quantum Gate Model & Universal Gate Sets (Clifford+T, Gate Depth),Eigendecomposition & Spectral Theorem",Quantum State Representation (Hilbert Spaces & Bra-Ket Notation),"Quantum-Enhanced Drug Molecule Screening via VQE,Rydberg Neutral-Atom QAOA for Logistics Route Optimisation,Trapped-Ion Quantum Simulation for Financial Portfolio Optimisation,AI-Assisted Quantum Circuit Calibration for Multi-Qubit Gates,Variational Quantum Classifier for Anomaly Detection in Sensor Networks,Tensor Network Classical Simulation + ML for Quantum Circuit Benchmarking"
SK06,skill,"Eigendecomposition & Matrix Decompositions (SVD, QR, Spectral Theorem)",Physics & Mathematics,all,Phase 1 — Foundation,no,theory,https://en.wikipedia.org/wiki/Eigendecomposition_of_a_matrix,"P01,P04,P06,P08,P10","Matrix decompositions (SVD, QR, eigendecomposition), Hermitian operators and spectral theorem, relevance to quantum state tomography and VQE.","numpy.linalg.eigh, scipy.linalg.svd, QuTiP eigenenergies","SK05,SK07","SK01,SK05",Candidate familiar from signal processing & instrumentation work at DGA. Core tool for quantum state analysis.,Quantum Information Theory (von Neumann Entropy),"Quantum State Representation (Hilbert Spaces & Bra-Ket Notation),Complex Vector Spaces & Inner Products (Tensor Products, Kronecker Products)","Quantum-Enhanced Drug Molecule Screening via VQE,Trapped-Ion Quantum Simulation for Financial Portfolio Optimisation,AI-Assisted Quantum Circuit Calibration for Multi-Qubit Gates,Variational Quantum Classifier for Anomaly Detection in Sensor Networks,Tensor Network Classical Simulation + ML for Quantum Circuit Benchmarking"
SK07,skill,"Quantum Information Theory (von Neumann Entropy, Mutual Information, Entanglement Entropy)",Physics & Mathematics,all,Phase 2 — FDE Track,yes,theory,https://en.wikipedia.org/wiki/Quantum_information,"P01,P08","Quantifying quantum information: von Neumann entropy, quantum mutual information, entanglement entropy, distinguishability metrics.","QuTiP entropy calculations, qiskit-nature analysis","SK02,SK06,SK08","SK01,SK02,SK06",Information-theoretic view of quantum mechanics. Unlocks quantum advantage intuition.,"Quantum Measurement Theory (Projective Measurements, POVMs & Born Rule),Eigendecomposition & Spectral Theorem,Quantum Error Correction — Stabiliser Formalism","Quantum State Representation (Hilbert Spaces & Bra-Ket Notation),Quantum Measurement Theory (Projective Measurements, POVMs & Born Rule),Eigendecomposition & Spectral Theorem","Quantum-Enhanced Drug Molecule Screening via VQE,Variational Quantum Classifier for Anomaly Detection in Sensor Networks"
SK08,skill,"Quantum Error Correction Theory (Stabiliser Formalism, CSS Codes, Surface Codes)",Physics & Mathematics,all,Phase 3 — Quantum-AI Specialist,yes,theory,https://en.wikipedia.org/wiki/Quantum_error_correction,"P01,P08","Stabiliser codes, CSS codes, surface codes, logical vs physical qubits, syndrome extraction, fault-tolerant operations.","Qiskit Aer noise-aware circuits, Stim (surface code simulator)","SK02,SK07,SK09","SK01,SK02,SK04,SK07",Advanced topic. Prerequisite for fault-tolerant quantum advantage post-2030.,"Quantum Measurement Theory (Projective Measurements, POVMs & Born Rule),Quantum Information Theory (von Neumann Entropy, Mutual Information, Entanglement Entropy),NISQ-Era Limitations & Error Mitigation","Quantum State Representation (Hilbert Spaces & Bra-Ket Notation),Quantum Measurement Theory (Projective Measurements, POVMs & Born Rule),Quantum Gate Model & Universal Gate Sets (Clifford+T, Gate Depth),Quantum Information Theory (von Neumann Entropy, Mutual Information, Entanglement Entropy)","Quantum-Enhanced Drug Molecule Screening via VQE,Variational Quantum Classifier for Anomaly Detection in Sensor Networks"
SK09,skill,NISQ-Era Limitations & Error Mitigation Strategies,Quantum Computing,all,Phase 2 — FDE Track,yes,hybrid,https://en.wikipedia.org/wiki/Quantum_computing,"P01,P06,P08","Noisy Intermediate-Scale Quantum computing constraints: limited qubit count, high error rates, short coherence times. Error mitigation techniques (ZNE, PEC, DD).","Qiskit Aer NoiseModel, mitiq (error mitigation library), Qiskit dynamic circuits","SK03,SK10,SK24","SK01,SK02,SK03,SK04",Core FDE skill: bridges theory (decoherence) and practice (noise-aware algorithm design).,"Variational Quantum Eigensolver (VQE) Algorithm,ML for Quantum Error Mitigation","Quantum State Representation (Hilbert Spaces & Bra-Ket Notation),Quantum Measurement Theory (Projective Measurements, POVMs & Born Rule),Quantum Decoherence & Relaxation Theory (T1/T2 Times, Lindblad Master Equation),Quantum Gate Model & Universal Gate Sets (Clifford+T, Gate Depth)","Quantum-Enhanced Drug Molecule Screening via VQE,AI-Assisted Quantum Circuit Calibration for Multi-Qubit Gates,Variational Quantum Classifier for Anomaly Detection in Sensor Networks"
SK10,skill,Variational Quantum Eigensolver (VQE) Algorithm,Quantum Computing,all,Phase 2 — FDE Track,yes,hybrid,https://en.wikipedia.org/wiki/Variational_quantum_eigensolver,"P01,P04",Hybrid quantum-classical algorithm: parametrised ansatz circuits tuned by classical optimiser. Foundational for near-term quantum advantage in molecular simulation.,"Qiskit Primitives VQE, PennyLane VQE, OpenQASM pulse-level implementation","SK09,SK14,SK24,SK25","SK01,SK02,SK04,SK06,SK09",Bridge skill: connects quantum theory to production ML loops. Candidate's PyTorch background maps directly.,"Constraint Embedding for QUBO,ML for Quantum Error Mitigation,Hybrid Classical-Quantum Loops","Quantum State Representation (Hilbert Spaces & Bra-Ket Notation),Quantum Measurement Theory (Projective Measurements, POVMs & Born Rule),Quantum Gate Model & Universal Gate Sets (Clifford+T, Gate Depth),Eigendecomposition & Spectral Theorem,NISQ-Era Limitations & Error Mitigation Strategies","Quantum-Enhanced Drug Molecule Screening via VQE,Trapped-Ion Quantum Simulation for Financial Portfolio Optimisation"
SK11,skill,Rydberg Atom Physics & Dipole Blockade,Physics & Mathematics,neutral-atom,Phase 2 — FDE Track,yes,theory,https://en.wikipedia.org/wiki/Rydberg_atom,P02,"Rydberg atoms, principal quantum numbers, dipole-dipole interactions, blockade radius, Rabi frequencies, and tunable interactions for quantum gates.","Pulser SDK Rydberg pulse design, neutral-atom QuTiP models","SK12,SK13,SK14","SK01,SK04","Directly leverages candidate's optical tweezer background (McGill). Same atom families, laser control paradigm.","Optical Tweezer Trap Design & Manipulation,Laser Cooling (Doppler & Sub-Doppler),QAOA Algorithm & Circuit Design","Quantum State Representation (Hilbert Spaces & Bra-Ket Notation),Quantum Gate Model & Universal Gate Sets (Clifford+T, Gate Depth)",Rydberg Neutral-Atom QAOA for Logistics Route Optimisation
SK12,skill,Optical Tweezer Trap Design & Manipulation,Physics & Mathematics,neutral-atom,Phase 1 — Foundation,no,theory,https://en.wikipedia.org/wiki/Optical_trap,P02,"Optical dipole traps, trap depth, frequencies, and heating rates. Design of tweezer arrays for neutral-atom quantum computing.","Custom simulation tools, Pulser documentation, optical physics simulation codes","SK11,SK13",SK01,Candidate's primary strength: McGill optical tweezers lab experience. Direct hire signal for neutral-atom QC companies.,"Rydberg Atom Physics & Dipole Blockade,Laser Cooling (Doppler & Sub-Doppler)",Quantum State Representation (Hilbert Spaces & Bra-Ket Notation),Rydberg Neutral-Atom QAOA for Logistics Route Optimisation
SK13,skill,Laser Cooling (Doppler & Sub-Doppler Mechanisms),Physics & Mathematics,"neutral-atom,trapped-ion",Phase 1 — Foundation,no,theory,https://en.wikipedia.org/wiki/Laser_cooling,P02,"Doppler cooling, laser frequency detuning, spontaneous emission rates, evaporative cooling, and sympathetic cooling for quantum systems.","AMO physics simulation libraries, Pasqal Pulser documentation","SK11,SK12",SK01,Candidate's Institut d'Optique & McGill background. Core competency in laser-matter interaction.,"Rydberg Atom Physics & Dipole Blockade,Optical Tweezer Trap Design & Manipulation",Quantum State Representation (Hilbert Spaces & Bra-Ket Notation),Rydberg Neutral-Atom QAOA for Logistics Route Optimisation
SK14,skill,QAOA (Quantum Approximate Optimisation Algorithm) & Circuit Design,Quantum Computing,all,Phase 2 — FDE Track,yes,hybrid,https://en.wikipedia.org/wiki/Quantum_approximate_optimization_algorithm,"P02,P04,P05","Ansatz structure for QAOA, mixing and problem Hamiltonians, variational parameter optimisation, and hardness approximation guarantees.","Qiskit Aqua QAOA, PennyLane QAOA, Pasqal Pulser QAOA patterns","SK15,SK10,SK24,SK25","SK01,SK04,SK29","Key algorithm for supply chain, finance, logistics. FDE differentiator.","Constraint Embedding for QUBO,Variational Quantum Eigensolver (VQE) Algorithm,ML for Quantum Error Mitigation,Hybrid Classical-Quantum Loops","Quantum State Representation (Hilbert Spaces & Bra-Ket Notation),Quantum Gate Model & Universal Gate Sets (Clifford+T, Gate Depth),Adiabatic Theorem & Quantum Tunnelling","Rydberg Neutral-Atom QAOA for Logistics Route Optimisation,Trapped-Ion Quantum Simulation for Financial Portfolio Optimisation,D-Wave Annealing + ML for Supply Chain Disruption Prediction"
SK15,skill,Constraint Embedding for QUBO & Ising Models,Quantum Computing,all,Phase 2 — FDE Track,yes,engineering,https://en.wikipedia.org/wiki/Quadratic_unconstrained_binary_optimization,"P02,P04,P05,P11","Problem-to-Hamiltonian encoding: translating business constraints (vehicle capacity, financial risk bounds, delivery deadlines) into QUBO penalty terms.","Ocean SDK problem embedding, Qiskit translators, custom constraint encoding","SK14,SK29,SK30","SK14,SK29",Critical FDE skill: bridges business requirements to quantum formulations.,"QAOA (Quantum Approximate Optimisation Algorithm) & Circuit Design,Adiabatic Theorem & Quantum Tunnelling,QUBO & Ising Model Formulation","QAOA (Quantum Approximate Optimisation Algorithm) & Circuit Design,Adiabatic Theorem & Quantum Tunnelling","Rydberg Neutral-Atom QAOA for Logistics Route Optimisation,Trapped-Ion Quantum Simulation for Financial Portfolio Optimisation,D-Wave Annealing + ML for Supply Chain Disruption Prediction,Cinema Demand Forecasting & Dynamic Pricing with Quantum Optimisation"
SK16,skill,"Photonic Quantum Optics (Coherent, Fock & Squeezed States)",Physics & Mathematics,photonic,Phase 2 — FDE Track,no,theory,https://en.wikipedia.org/wiki/Quantum_optics,"P03,P09","Photon number and phase states, coherent states, Fock states, squeezed states, and their quantum properties for photonic computing.","Perceval SDK state definitions, Strawberry Fields state preparations","SK17,SK18,SK19","SK01,SK04",Candidate's fiber optics background (Institut d'Optique) directly transfers. Core photonic QC knowledge.,"Beam Splitter Unitaries & Hong-Ou-Mandel Effect,Photon Indistinguishability & KLM Theorem,Boson Sampling & Complexity Theory","Quantum State Representation (Hilbert Spaces & Bra-Ket Notation),Quantum Gate Model & Universal Gate Sets (Clifford+T, Gate Depth)","Photonic Quantum Sampling for Materials Discovery (Boson Sampling),Secure Delegated Quantum Computation (SDQC) for Privacy-Preserving Drug Discovery"
SK17,skill,Beam Splitter Unitaries & Hong-Ou-Mandel Effect,Physics & Mathematics,photonic,Phase 2 — FDE Track,no,theory,https://en.wikipedia.org/wiki/Hong%E2%80%93Ou%E2%80%93Mandel_effect,"P03,P09","Beam splitter transformation matrices, HOM interference, photon indistinguishability time windows, and quantum interference patterns.","Perceval beam splitter definitions, optics simulation libraries","SK16,SK18,SK19","SK01,SK04,SK16",Optical interferometry directly maps from candidate's Institut d'Optique training.,"Photonic Quantum Optics (Coherent, Fock & Squeezed States),Photon Indistinguishability & KLM Theorem,Boson Sampling & Complexity Theory","Quantum State Representation (Hilbert Spaces & Bra-Ket Notation),Quantum Gate Model & Universal Gate Sets (Clifford+T, Gate Depth),Photonic Quantum Optics (Coherent, Fock & Squeezed States)","Photonic Quantum Sampling for Materials Discovery (Boson Sampling),Secure Delegated Quantum Computation (SDQC) for Privacy-Preserving Drug Discovery"
SK18,skill,Photon Indistinguishability & KLM Theorem (Linear Optics Quantum Computing),Physics & Mathematics,photonic,Phase 3 — Quantum-AI Specialist,yes,theory,https://en.wikipedia.org/wiki/Linear_optical_quantum_computing,"P03,P09","Photon indistinguishability conditions, KLM scheme for universal quantum computation with linear optics, and probabilistic quantum gates.","Perceval boson sampling circuits, photonic simulator documentation","SK16,SK17,SK19","SK01,SK02,SK04,SK16,SK17",Advanced photonic theory. Quandela-specific competitive advantage.,"Photonic Quantum Optics (Coherent, Fock & Squeezed States),Beam Splitter Unitaries & Hong-Ou-Mandel Effect,Boson Sampling & Complexity Theory","Quantum State Representation (Hilbert Spaces & Bra-Ket Notation),Quantum Measurement Theory (Projective Measurements, POVMs & Born Rule),Quantum Gate Model & Universal Gate Sets (Clifford+T, Gate Depth),Photonic Quantum Optics (Coherent, Fock & Squeezed States),Beam Splitter Unitaries & Hong-Ou-Mandel Effect","Photonic Quantum Sampling for Materials Discovery (Boson Sampling),Secure Delegated Quantum Computation (SDQC) for Privacy-Preserving Drug Discovery"
SK19,skill,Boson Sampling & Computational Complexity Theory,Physics & Mathematics,photonic,Phase 3 — Quantum-AI Specialist,yes,theory,https://en.wikipedia.org/wiki/Boson_sampling,"P03,P09","Boson sampling problem, #P-hardness, classical hardness assumptions, and experimental implementations for demonstrating quantum advantage.","Perceval boson sampling examples, classical boson sampling simulators","SK16,SK17,SK18,SK20","SK01,SK02,SK17,SK18",Cutting-edge photonic QC research. Positions candidate as expert for Quandela/Xanadu.,"Photonic Quantum Optics (Coherent, Fock & Squeezed States),Beam Splitter Unitaries & Hong-Ou-Mandel Effect,Photon Indistinguishability & KLM Theorem (Linear Optics Quantum Computing),Quantum Fourier Transform & Phase Estimation","Quantum State Representation (Hilbert Spaces & Bra-Ket Notation),Quantum Measurement Theory (Projective Measurements, POVMs & Born Rule),Beam Splitter Unitaries & Hong-Ou-Mandel Effect,Photon Indistinguishability & KLM Theorem (Linear Optics Quantum Computing)","Photonic Quantum Sampling for Materials Discovery (Boson Sampling),Secure Delegated Quantum Computation (SDQC) for Privacy-Preserving Drug Discovery"
SK20,skill,Quantum Fourier Transform & Phase Estimation,Physics & Mathematics,all,Phase 2 — FDE Track,yes,theory,https://en.wikipedia.org/wiki/Quantum_Fourier_transform,"P03,P09","Quantum Fourier transform circuit, phase kickback, quantum phase estimation subroutine, and applications in eigenvalue problems.","Qiskit phase_estimation, PennyLane QFT circuits","SK19,SK21","SK01,SK04",Foundational for VQE and advanced algorithms. Candidate's Fourier analysis background (Institut d'Optique) transfers.,"Boson Sampling & Computational Complexity Theory,Single-Photon Source Engineering","Quantum State Representation (Hilbert Spaces & Bra-Ket Notation),Quantum Gate Model & Universal Gate Sets (Clifford+T, Gate Depth)","Photonic Quantum Sampling for Materials Discovery (Boson Sampling),Secure Delegated Quantum Computation (SDQC) for Privacy-Preserving Drug Discovery"
SK21,skill,Single-Photon Source Engineering & Characterisation,Physics & Mathematics,photonic,Phase 3 — Quantum-AI Specialist,yes,engineering,https://en.wikipedia.org/wiki/Quantum_dot,"P03,P09","Single-photon source types (quantum dots, spontaneous parametric down-conversion, non-linear crystals), efficiency, purity, and indistinguishability metrics.","Quandela hardware characterisation, photonic device simulators","SK16,SK20","SK16,SK17",Bridges candidate's optical engineering skills with photonic QC implementation.,"Photonic Quantum Optics (Coherent, Fock & Squeezed States),Quantum Fourier Transform & Phase Estimation","Photonic Quantum Optics (Coherent, Fock & Squeezed States),Beam Splitter Unitaries & Hong-Ou-Mandel Effect","Photonic Quantum Sampling for Materials Discovery (Boson Sampling),Secure Delegated Quantum Computation (SDQC) for Privacy-Preserving Drug Discovery"
SK22,skill,"Trapped-Ion Physics (Paul & Penning Traps, Laser-Matter Interaction)",Physics & Mathematics,trapped-ion,Phase 2 — FDE Track,yes,theory,https://en.wikipedia.org/wiki/Paul_trap,P04,"Paul trap potential and confinement, Penning traps, radio-frequency drive frequencies, laser cooling dynamics, and state preparation.","IonSim simulation, Quantinuum hardware documentation","SK23,SK13","SK01,SK04",Precise instrumentation parallels candidate's optical tweezer expertise. Transfer via training.,"Mølmer–Sørensen Gate Mechanism,Laser Cooling (Doppler & Sub-Doppler Mechanisms)","Quantum State Representation (Hilbert Spaces & Bra-Ket Notation),Quantum Gate Model & Universal Gate Sets (Clifford+T, Gate Depth)",Trapped-Ion Quantum Simulation for Financial Portfolio Optimisation
SK23,skill,Mølmer–Sørensen Gate Mechanism (Entangling Gate Design),Physics & Mathematics,trapped-ion,Phase 2 — FDE Track,yes,theory,https://en.wikipedia.org/wiki/Molmer%E2%80%93Sorensen_gate,P04,"MS gate principle using bichromatic laser drives, motional coupling, and high-fidelity all-to-all qubit entanglement for trapped ions.","Quantinuum Pytket compiler, IonQ calibration data","SK22,SK04","SK01,SK04,SK22",High-fidelity gate engineering. Quantinuum/IonQ specialisation signal.,"Trapped-Ion Physics (Paul & Penning Traps, Laser-Matter Interaction),Quantum Gate Model & Universal Gate Sets (Clifford+T, Gate Depth)","Quantum State Representation (Hilbert Spaces & Bra-Ket Notation),Quantum Gate Model & Universal Gate Sets (Clifford+T, Gate Depth),Trapped-Ion Physics (Paul & Penning Traps, Laser-Matter Interaction)",Trapped-Ion Quantum Simulation for Financial Portfolio Optimisation
SK24,skill,ML for Quantum Error Mitigation (Neural Networks for Noise Characterisation),Quantum-AI Hybrid,all,Phase 2 — FDE Track,yes,hybrid,https://en.wikipedia.org/wiki/Machine_learning,"P01,P02,P03,P04,P05,P06,P08,P09,P10","Neural networks trained on noisy circuit runs to predict noise models, guide parameter optimisation, and correct inference outputs. AI-powered calibration.","PyTorch neural networks + Qiskit Aer, mitiq library, custom ML pipelines","SK09,SK10,SK25,SK26,SK27","SK03,SK09",Core FDE differentiator: bridges PyTorch expertise (candidate strength) with quantum noise.,"NISQ-Era Limitations & Error Mitigation Strategies,Variational Quantum Eigensolver (VQE) Algorithm,Hybrid Classical-Quantum Loops,PyTorch Production Patterns,REST API Design & FastAPI","Quantum Decoherence & Relaxation Theory (T1/T2 Times, Lindblad Master Equation),NISQ-Era Limitations & Error Mitigation Strategies","Quantum-Enhanced Drug Molecule Screening via VQE,Rydberg Neutral-Atom QAOA for Logistics Route Optimisation,Photonic Quantum Sampling for Materials Discovery (Boson Sampling),Trapped-Ion Quantum Simulation for Financial Portfolio Optimisation,D-Wave Annealing + ML for Supply Chain Disruption Prediction,AI-Assisted Quantum Circuit Calibration for Multi-Qubit Gates,Variational Quantum Classifier for Anomaly Detection in Sensor Networks,Secure Delegated Quantum Computation (SDQC) for Privacy-Preserving Drug Discovery,Tensor Network Classical Simulation + ML for Quantum Circuit Benchmarking"
SK25,skill,Hybrid Classical-Quantum Loops & Orchestration,Quantum-AI Hybrid,all,Phase 2 — FDE Track,yes,engineering,https://en.wikipedia.org/wiki/Quantum_computing,"P01,P02,P03,P04,P05,P06,P08,P09,P10,P11,P12","Orchestrating quantum circuit submissions and classical parameter updates in feedback loops. Job queuing, result polling, and conditional execution.","Qiskit Runtime, IonQ / Pasqal / Quandela cloud APIs, async/await patterns in Python","SK24,SK26,SK27,SK32,SK33","SK10,SK24",FDE core pattern: bridges quantum hardware with production systems.,"ML for Quantum Error Mitigation (Neural Networks for Noise Characterisation),PyTorch Production Patterns,REST API Design & FastAPI,SQL Data Modelling,Container Orchestration (Docker/Kubernetes)","Variational Quantum Eigensolver (VQE) Algorithm,ML for Quantum Error Mitigation (Neural Networks for Noise Characterisation)","Quantum-Enhanced Drug Molecule Screening via VQE,Rydberg Neutral-Atom QAOA for Logistics Route Optimisation,Photonic Quantum Sampling for Materials Discovery (Boson Sampling),Trapped-Ion Quantum Simulation for Financial Portfolio Optimisation,D-Wave Annealing + ML for Supply Chain Disruption Prediction,AI-Assisted Quantum Circuit Calibration for Multi-Qubit Gates,Variational Quantum Classifier for Anomaly Detection in Sensor Networks,Secure Delegated Quantum Computation (SDQC) for Privacy-Preserving Drug Discovery,Tensor Network Classical Simulation + ML for Quantum Circuit Benchmarking,Cinema Demand Forecasting & Dynamic Pricing with Quantum Optimisation,Multi-Modality Quantum Benchmark Aggregator & LLM-Powered Circuit Explainer"
SK26,skill,"PyTorch Production Patterns (Distributed Training, Model Serving)",AI/ML & LLM,classical-only,Phase 2 — FDE Track,no,engineering,https://en.wikipedia.org/wiki/PyTorch,"P01,P02,P03,P04,P05,P06,P08,P09,P10,P11","PyTorch model training at scale, distributed training (DistributedDataParallel, HorovodRunner), model checkpointing, inference serving, and integration with quantum backends.","PyTorch, Ray Tune, TorchServe, ONNX export","SK24,SK25,SK27,SK32,SK33",,Candidate's stated strength: ESA production app in PyTorch + Flask. Direct leverage.,"ML for Quantum Error Mitigation (Neural Networks for Noise Characterisation),Hybrid Classical-Quantum Loops & Orchestration,REST API Design & FastAPI,SQL Data Modelling,Container Orchestration (Docker/Kubernetes)",,"Quantum-Enhanced Drug Molecule Screening via VQE,Rydberg Neutral-Atom QAOA for Logistics Route Optimisation,Photonic Quantum Sampling for Materials Discovery (Boson Sampling),Trapped-Ion Quantum Simulation for Financial Portfolio Optimisation,D-Wave Annealing + ML for Supply Chain Disruption Prediction,AI-Assisted Quantum Circuit Calibration for Multi-Qubit Gates,Variational Quantum Classifier for Anomaly Detection in Sensor Networks,Secure Delegated Quantum Computation (SDQC) for Privacy-Preserving Drug Discovery,Tensor Network Classical Simulation + ML for Quantum Circuit Benchmarking,Cinema Demand Forecasting & Dynamic Pricing with Quantum Optimisation"
SK27,skill,REST API Design & FastAPI,Full-Stack & APIs,classical-only,Phase 1 — Foundation,no,engineering,https://en.wikipedia.org/wiki/Representational_state_transfer,"P01,P02,P03,P04,P05,P06,P07,P08,P09,P10,P11,P12","RESTful API design principles, FastAPI async patterns, endpoint specification (OpenAPI/Swagger), request validation, and error handling.","FastAPI, Pydantic, uvicorn","SK25,SK26,SK32,SK33",,Candidate's stated asset: ESA production app with REST APIs. Direct application.,"Hybrid Classical-Quantum Loops & Orchestration,PyTorch Production Patterns (Distributed Training, Model Serving),SQL Data Modelling,Container Orchestration (Docker/Kubernetes)",,"Quantum-Enhanced Drug Molecule Screening via VQE,Rydberg Neutral-Atom QAOA for Logistics Route Optimisation,Photonic Quantum Sampling for Materials Discovery (Boson Sampling),Trapped-Ion Quantum Simulation for Financial Portfolio Optimisation,D-Wave Annealing + ML for Supply Chain Disruption Prediction,Post-Quantum Cryptography Migration with AI-Powered Key Management,Variational Quantum Classifier for Anomaly Detection in Sensor Networks,Secure Delegated Quantum Computation (SDQC) for Privacy-Preserving Drug Discovery,Tensor Network Classical Simulation + ML for Quantum Circuit Benchmarking,Cinema Demand Forecasting & Dynamic Pricing with Quantum Optimisation,Multi-Modality Quantum Benchmark Aggregator & LLM-Powered Circuit Explainer"
SK28,skill,AI-Assisted Circuit Optimisation (Neural Network-Guided Transpilation),Quantum-AI Hybrid,all,Phase 2 — FDE Track,yes,hybrid,https://en.wikipedia.org/wiki/Compiler_optimization,"P02,P05","Neural networks guiding circuit depth reduction, gate count minimisation, and transpilation to target hardware. GNN-based routing.","Qiskit transpiler custom passes, PyTorch GNNs, TKET compilation","SK24,SK25,SK26","SK04,SK24",Advanced FDE skill bridging compilation + ML.,"ML for Quantum Error Mitigation (Neural Networks for Noise Characterisation),Hybrid Classical-Quantum Loops & Orchestration,PyTorch Production Patterns (Distributed Training, Model Serving)","Quantum Gate Model & Universal Gate Sets (Clifford+T, Gate Depth),ML for Quantum Error Mitigation (Neural Networks for Noise Characterisation)","Rydberg Neutral-Atom QAOA for Logistics Route Optimisation,D-Wave Annealing + ML for Supply Chain Disruption Prediction"
SK29,skill,Real-Time Inference Acceleration & Latency Optimisation,AI/ML & LLM,classical-only,Phase 2 — FDE Track,yes,engineering,https://en.wikipedia.org/wiki/Real-time_computing,"P02,P05","Model quantisation, batch inference patterns, GPU prefetching, and meeting sub-100ms SLAs for production quantum-AI loops.","ONNX, TensorFlow Lite, Ray Serve, NVIDIA Triton","SK26,SK30,SK36",SK26,Industrial production rigour. Candidate's instrumentation work maps to real-time constraints.,"PyTorch Production Patterns (Distributed Training, Model Serving),QUBO & Ising Model Formulation,Cache-Aware Algorithm Design","PyTorch Production Patterns (Distributed Training, Model Serving)","Rydberg Neutral-Atom QAOA for Logistics Route Optimisation,D-Wave Annealing + ML for Supply Chain Disruption Prediction"
SK30,skill,QUBO & Ising Model Formulation,Quantum Computing,annealing,Phase 2 — FDE Track,yes,hybrid,https://en.wikipedia.org/wiki/Quadratic_unconstrained_binary_optimization,"P05,P11","Ising model Hamiltonian, QUBO problem formulation, penalty function design, and variable encoding for annealing-based quantum computers.","Ocean SDK, Pyomo, PuLP","SK15,SK31,SK29",SK29,D-Wave / annealing-specific. Complementary to gate-model algorithms.,"Constraint Embedding for QUBO & Ising Models,Spin Glass Physics,Real-Time Inference Acceleration & Latency Optimisation",Real-Time Inference Acceleration & Latency Optimisation,"D-Wave Annealing + ML for Supply Chain Disruption Prediction,Cinema Demand Forecasting & Dynamic Pricing with Quantum Optimisation"
SK31,skill,Spin Glass Physics & Adiabatic Evolution,Physics & Mathematics,annealing,Phase 2 — FDE Track,yes,theory,https://en.wikipedia.org/wiki/Spin_glass,"P05,P11","Spin glass theory, disorder, frustration, and energy landscape topology. Adiabatic annealing path design for quantum speedup.","D-Wave documentation, classical spin glass simulators","SK30,SK29",SK29,D-Wave specialisation. Understanding failure modes of annealing.,"QUBO & Ising Model Formulation,Real-Time Inference Acceleration & Latency Optimisation",Real-Time Inference Acceleration & Latency Optimisation,"D-Wave Annealing + ML for Supply Chain Disruption Prediction,Cinema Demand Forecasting & Dynamic Pricing with Quantum Optimisation"
SK32,skill,Adiabatic Theorem & Quantum Tunnelling,Physics & Mathematics,annealing,Phase 2 — FDE Track,yes,theory,https://en.wikipedia.org/wiki/Adiabatic_theorem,"P05,P07,P11","Adiabatic quantum computation principle, tunnelling gap, energy level crossing, and conditions for reaching ground state via slow evolution.","D-Wave annealing schedule, quantum tunnelling simulators","SK29,SK30,SK31","SK01,SK04",Theoretical foundation for annealing QC and PQC threat model.,"Real-Time Inference Acceleration & Latency Optimisation,QUBO & Ising Model Formulation,Spin Glass Physics & Adiabatic Evolution","Quantum State Representation (Hilbert Spaces & Bra-Ket Notation),Quantum Gate Model & Universal Gate Sets (Clifford+T, Gate Depth)","D-Wave Annealing + ML for Supply Chain Disruption Prediction,Post-Quantum Cryptography Migration with AI-Powered Key Management,Cinema Demand Forecasting & Dynamic Pricing with Quantum Optimisation"
SK33,skill,"SQL Data Modelling (PostgreSQL, Schema Design)",Data & Infra,classical-only,Phase 1 — Foundation,no,engineering,https://en.wikipedia.org/wiki/Database_schema,"P01,P02,P04,P05,P06,P07,P08,P09,P10,P11","Relational database design, normalisation, indexing strategies, transaction management, and query optimisation for metadata and results.","PostgreSQL, pgAdmin, SQLAlchemy ORM","SK25,SK27,SK34,SK35",,Candidate's stated experience: EY audit (data model validation) and ESA metadata management.,"Hybrid Classical-Quantum Loops & Orchestration,REST API Design & FastAPI,Container Orchestration (Docker/Kubernetes),Distributed Systems & Caching",,"Quantum-Enhanced Drug Molecule Screening via VQE,Rydberg Neutral-Atom QAOA for Logistics Route Optimisation,Trapped-Ion Quantum Simulation for Financial Portfolio Optimisation,D-Wave Annealing + ML for Supply Chain Disruption Prediction,AI-Assisted Quantum Circuit Calibration for Multi-Qubit Gates,Post-Quantum Cryptography Migration with AI-Powered Key Management,Variational Quantum Classifier for Anomaly Detection in Sensor Networks,Secure Delegated Quantum Computation (SDQC) for Privacy-Preserving Drug Discovery,Tensor Network Classical Simulation + ML for Quantum Circuit Benchmarking,Cinema Demand Forecasting & Dynamic Pricing with Quantum Optimisation"
SK34,skill,Container Orchestration (Docker & Kubernetes),MLOps/LLMOps,classical-only,Phase 1 — Foundation,yes,engineering,https://en.wikipedia.org/wiki/Docker_(software),"P01,P02,P03,P04,P05,P06,P07,P08,P09,P10,P11,P12","Docker containerisation (Dockerfiles, image layers, registry), Kubernetes deployment (pods, services, ingress), health checks, and rolling updates.","Docker, Kubernetes, Helm, docker-compose","SK33,SK35,SK36",,Honest gap: candidate lacks Docker/K8s production experience. Critical MLOps hire signal.,"SQL Data Modelling (PostgreSQL, Schema Design),Distributed Systems & Caching,Cache-Aware Algorithm Design",,"Quantum-Enhanced Drug Molecule Screening via VQE,Rydberg Neutral-Atom QAOA for Logistics Route Optimisation,Photonic Quantum Sampling for Materials Discovery (Boson Sampling),Trapped-Ion Quantum Simulation for Financial Portfolio Optimisation,D-Wave Annealing + ML for Supply Chain Disruption Prediction,AI-Assisted Quantum Circuit Calibration for Multi-Qubit Gates,Post-Quantum Cryptography Migration with AI-Powered Key Management,Variational Quantum Classifier for Anomaly Detection in Sensor Networks,Secure Delegated Quantum Computation (SDQC) for Privacy-Preserving Drug Discovery,Tensor Network Classical Simulation + ML for Quantum Circuit Benchmarking,Cinema Demand Forecasting & Dynamic Pricing with Quantum Optimisation,Multi-Modality Quantum Benchmark Aggregator & LLM-Powered Circuit Explainer"
SK35,skill,CI/CD & GitHub Actions (Automated Testing & Deployment),MLOps/LLMOps,classical-only,Phase 1 — Foundation,yes,engineering,https://en.wikipedia.org/wiki/Continuous_integration,"P01,P02,P03,P04,P05,P06,P07,P08,P09,P10,P11,P12","GitHub Actions workflows, automated unit/integration testing, linting, security scanning, and deployment pipelines for cloud services.","GitHub Actions, pytest, pre-commit hooks, SonarQube","SK34,SK36",,Honest gap. Startup background may provide informal CI/CD familiarity; production rigor needed.,"Container Orchestration (Docker & Kubernetes),Cache-Aware Algorithm Design",,"Quantum-Enhanced Drug Molecule Screening via VQE,Rydberg Neutral-Atom QAOA for Logistics Route Optimisation,Photonic Quantum Sampling for Materials Discovery (Boson Sampling),Trapped-Ion Quantum Simulation for Financial Portfolio Optimisation,D-Wave Annealing + ML for Supply Chain Disruption Prediction,AI-Assisted Quantum Circuit Calibration for Multi-Qubit Gates,Post-Quantum Cryptography Migration with AI-Powered Key Management,Variational Quantum Classifier for Anomaly Detection in Sensor Networks,Secure Delegated Quantum Computation (SDQC) for Privacy-Preserving Drug Discovery,Tensor Network Classical Simulation + ML for Quantum Circuit Benchmarking,Cinema Demand Forecasting & Dynamic Pricing with Quantum Optimisation,Multi-Modality Quantum Benchmark Aggregator & LLM-Powered Circuit Explainer"
SK36,skill,"Distributed Systems & Caching (Redis, Memcached)",Data & Infra,classical-only,Phase 2 — FDE Track,yes,engineering,https://en.wikipedia.org/wiki/Distributed_cache,"P02,P05,P06,P08,P11","Caching strategies (TTL, LRU, cache invalidation), Redis pub/sub for real-time updates, and distributed cache coherency.","Redis, Memcached, Python redis-py","SK29,SK34,SK35",,Honest gap for production deployment. High-leverage learning for real-time quantum systems.,"Real-Time Inference Acceleration & Latency Optimisation,Container Orchestration (Docker & Kubernetes),CI/CD & GitHub Actions (Automated Testing & Deployment)",,"Rydberg Neutral-Atom QAOA for Logistics Route Optimisation,D-Wave Annealing + ML for Supply Chain Disruption Prediction,AI-Assisted Quantum Circuit Calibration for Multi-Qubit Gates,Variational Quantum Classifier for Anomaly Detection in Sensor Networks,Cinema Demand Forecasting & Dynamic Pricing with Quantum Optimisation"
SK37,skill,Cache-Aware Algorithm Design & Optimisation,Data & Infra,classical-only,Phase 2 — FDE Track,yes,engineering,https://en.wikipedia.org/wiki/CPU_cache,P02,"Algorithmic awareness of CPU/GPU cache hierarchies, data locality, and prefetching patterns for sub-ms quantum result aggregation.","Roofline model, performance profilers (perf, nsys), NUMA-aware libraries","SK36,SK29",SK36,Advanced HPC skill. Logistics real-time SLA demands.,"Distributed Systems & Caching (Redis, Memcached),Real-Time Inference Acceleration & Latency Optimisation","Distributed Systems & Caching (Redis, Memcached)",Rydberg Neutral-Atom QAOA for Logistics Route Optimisation
SK38,skill,"Generative Models (VAE, Diffusion, Flow Models)",AI/ML & LLM,classical-only,Phase 2 — FDE Track,yes,engineering,https://en.wikipedia.org/wiki/Generative_model,P03,"Variational autoencoders, diffusion models, and normalising flows for learning distributions from quantum-sampled data.","PyTorch, diffusers library, JAX Flax","SK26,SK39",SK26,Honest gap: candidate lacks generative model experience. High-leverage for P03 project.,"PyTorch Production Patterns (Distributed Training, Model Serving),Vector Database Integration (Qdrant/Weaviate)","PyTorch Production Patterns (Distributed Training, Model Serving)",Photonic Quantum Sampling for Materials Discovery (Boson Sampling)
SK39,skill,Vector Database Integration (Qdrant/Weaviate),Data & Infra,classical-only,Phase 2 — FDE Track,yes,engineering,https://en.wikipedia.org/wiki/Vector_database,"P03,P05,P09,P12","Vector embeddings, semantic search via cosine similarity, approximate nearest neighbour indexing (HNSW), and RAG integration.","Qdrant, Weaviate, pgvector, Chroma","SK38,SK45",SK38,Emerging skill. Honest gap; foundational for modern RAG + quantum data systems.,"Generative Models (VAE, Diffusion, Flow Models),Semantic Search & Vector Embeddings","Generative Models (VAE, Diffusion, Flow Models)","Photonic Quantum Sampling for Materials Discovery (Boson Sampling),D-Wave Annealing + ML for Supply Chain Disruption Prediction,Secure Delegated Quantum Computation (SDQC) for Privacy-Preserving Drug Discovery,Multi-Modality Quantum Benchmark Aggregator & LLM-Powered Circuit Explainer"
SK40,skill,"Financial Domain Integration (Risk Metrics, Portfolio Theory)",Enterprise Integration,classical-only,Phase 2 — FDE Track,yes,engineering,https://en.wikipedia.org/wiki/Modern_portfolio_theory,P04,"Portfolio optimisation constraints (Sharpe ratio, Value-at-Risk, correlation matrices), Bloomberg/Reuters API integration, and real-time rebalancing logic.","MSCI RiskMetrics, PortfolioLab, Bloomberg API, cvxpy optimisation","SK25,SK27",,Honest gap: candidate lacks finance domain depth. Learnable; INSEAD strategy elective may bridge.,"Hybrid Classical-Quantum Loops & Orchestration,REST API Design & FastAPI",,Trapped-Ion Quantum Simulation for Financial Portfolio Optimisation
SK41,skill,Variational Quantum Machine Learning (QML),Quantum-AI Hybrid,all,Phase 2 — FDE Track,yes,hybrid,https://en.wikipedia.org/wiki/Quantum_machine_learning,P08,"Quantum circuits as ML models, parametrised ansatze for classification/regression, barren plateaus, and hybrid quantum-classical training.","PennyLane, Qiskit Machine Learning, TensorFlow Quantum","SK10,SK57,SK58","SK10,SK24",Bridge skill: QML is booming. Candidate's PyTorch + quantum foundations map directly.,"Variational Quantum Eigensolver (VQE) Algorithm,Variational Quantum Machine Learning (QML),Angle Encoding for Feature Maps","Variational Quantum Eigensolver (VQE) Algorithm,ML for Quantum Error Mitigation (Neural Networks for Noise Characterisation)",Variational Quantum Classifier for Anomaly Detection in Sensor Networks
SK42,skill,Prompt Engineering & Chain-of-Thought Reasoning,AI/ML & LLM,classical-only,Phase 2 — FDE Track,yes,engineering,https://en.wikipedia.org/wiki/Prompt_engineering,"P05,P07,P11,P12","LLM prompt design, chain-of-thought patterns, few-shot examples, and structured output parsing for domain-specific reasoning.","Mistral API, OpenAI API, LangChain prompt templates","SK43,SK44,SK45",,Honest gap but quickly learnable. Candidate's INSEAD AI Full Stack track may include LLM fundamentals.,"Retrieval-Augmented Generation (RAG) Architecture,Adiabatic Theorem & Quantum Tunnelling,LLM Output Parsing & Safety",,"D-Wave Annealing + ML for Supply Chain Disruption Prediction,Post-Quantum Cryptography Migration with AI-Powered Key Management,Cinema Demand Forecasting & Dynamic Pricing with Quantum Optimisation,Multi-Modality Quantum Benchmark Aggregator & LLM-Powered Circuit Explainer"
SK43,skill,Retrieval-Augmented Generation (RAG) Architecture,AI/ML & LLM,classical-only,Phase 2 — FDE Track,yes,engineering,https://en.wikipedia.org/wiki/Retrieval-augmented_generation,"P05,P07,P11,P12","Indexing domain documents, embedding queries, semantic search against vector DB, and prompt augmentation with retrieved context.","LangChain, LlamaIndex, Qdrant, Weaviate","SK42,SK44,SK45,SK39",SK39,Core LLM operations pattern. Candidate may learn via INSEAD AI course.,"Prompt Engineering & Chain-of-Thought Reasoning,Adiabatic Theorem & Quantum Tunnelling,LLM Output Parsing & Safety,Vector Database Integration (Qdrant/Weaviate)",Vector Database Integration (Qdrant/Weaviate),"D-Wave Annealing + ML for Supply Chain Disruption Prediction,Post-Quantum Cryptography Migration with AI-Powered Key Management,Cinema Demand Forecasting & Dynamic Pricing with Quantum Optimisation,Multi-Modality Quantum Benchmark Aggregator & LLM-Powered Circuit Explainer"
SK44,skill,LLM Output Parsing & Safety (Structured Output Extraction),AI/ML & LLM,classical-only,Phase 2 — FDE Track,yes,engineering,https://en.wikipedia.org/wiki/Instruction_tuning,"P05,P07,P11,P12","Reliable output structure (JSON, YAML), guardrails against hallucinations, validity checking, and domain-specific safety constraints.","Pydantic, Instructor library, LMQL, LangChain output parsers","SK42,SK43","SK42,SK43",Production LLM requirement. Critical for supply chain / security alerts.,"Prompt Engineering & Chain-of-Thought Reasoning,Retrieval-Augmented Generation (RAG) Architecture","Prompt Engineering & Chain-of-Thought Reasoning,Retrieval-Augmented Generation (RAG) Architecture","D-Wave Annealing + ML for Supply Chain Disruption Prediction,Post-Quantum Cryptography Migration with AI-Powered Key Management,Cinema Demand Forecasting & Dynamic Pricing with Quantum Optimisation,Multi-Modality Quantum Benchmark Aggregator & LLM-Powered Circuit Explainer"
SK45,skill,Semantic Search & Vector Embeddings,AI/ML & LLM,classical-only,Phase 2 — FDE Track,yes,engineering,https://en.wikipedia.org/wiki/Semantic_similarity,"P05,P07,P09,P12","Embedding models (Sentence-BERT, OpenAI embeddings), cosine similarity, approximate nearest neighbours, and scalable retrieval.","sentence-transformers, OpenAI embeddings API, Faiss, HNSW","SK39,SK43","SK39,SK43",Foundational for modern RAG. Growing importance for quantum circuit understanding.,"Vector Database Integration (Qdrant/Weaviate),Retrieval-Augmented Generation (RAG) Architecture","Vector Database Integration (Qdrant/Weaviate),Retrieval-Augmented Generation (RAG) Architecture","D-Wave Annealing + ML for Supply Chain Disruption Prediction,Post-Quantum Cryptography Migration with AI-Powered Key Management,Secure Delegated Quantum Computation (SDQC) for Privacy-Preserving Drug Discovery,Multi-Modality Quantum Benchmark Aggregator & LLM-Powered Circuit Explainer"
SK46,skill,"NIST PQC Standards (Kyber, Dilithium, CRYSTALS)",Enterprise Integration,classical-only,Phase 2 — FDE Track,yes,engineering,https://en.wikipedia.org/wiki/National_Institute_of_Standards_and_Technology,P07,"NIST post-quantum cryptography standards: lattice-based (Kyber KEM, Dilithium signatures), their mathematical foundations, and enterprise migration timelines.","liboqs, OpenQuantumSafe, NIST PQC documentation","SK47,SK48,SK49",,Rapidly growing compliance requirement. Early expertise = competitive advantage.,"Cryptographic Protocol Design,Supply Chain Domain Knowledge,Prompt Engineering & Chain-of-Thought Reasoning",,Post-Quantum Cryptography Migration with AI-Powered Key Management
SK47,skill,Cryptographic Protocol Design & Implementation,Enterprise Integration,classical-only,Phase 2 — FDE Track,yes,engineering,https://en.wikipedia.org/wiki/Cryptographic_protocol,P07,"Protocol-level design: key exchange (KEM), digital signatures, TLS/SSL adaptation, and safe composition of primitives.","OpenSSL, liboqs, TLS libraries with PQC","SK46,SK48,SK49",SK46,Honest gap. Learnable for security-minded FDE.,"NIST PQC Standards (Kyber, Dilithium, CRYSTALS),Key Lifecycle Management,Hardware Security Module (HSM) Integration","NIST PQC Standards (Kyber, Dilithium, CRYSTALS)",Post-Quantum Cryptography Migration with AI-Powered Key Management
SK48,skill,"Key Lifecycle Management (Generation, Storage, Rotation, Revocation)",Enterprise Integration,classical-only,Phase 2 — FDE Track,yes,engineering,https://en.wikipedia.org/wiki/Key_management,P07,"Secure key lifecycle: generation, escrow, rotation schedules, revocation procedures, and audit trails for compliance (SOC 2, FedRAMP).","HashiCorp Vault, AWS KMS, Azure Key Vault","SK46,SK47,SK49",SK46,Enterprise security practice. Acquirable; builds on candidate's EY audit experience.,"NIST PQC Standards (Kyber, Dilithium, CRYSTALS),Cryptographic Protocol Design & Implementation,Hardware Security Module (HSM) Integration","NIST PQC Standards (Kyber, Dilithium, CRYSTALS)",Post-Quantum Cryptography Migration with AI-Powered Key Management
SK49,skill,Hardware Security Module (HSM) Integration,Enterprise Integration,classical-only,Phase 2 — FDE Track,yes,engineering,https://en.wikipedia.org/wiki/Hardware_security_module,P07,"HSM APIs (PKCS#11), secure key generation within HSMs, and integration with PKI/CA systems for enterprise-grade key protection.","Thales Luna, YubiHSM, PKCS#11 libraries","SK47,SK48","SK47,SK48",Enterprise infrastructure skill. Defensive FDE positioning.,"Cryptographic Protocol Design & Implementation,Key Lifecycle Management (Generation, Storage, Rotation, Revocation)","Cryptographic Protocol Design & Implementation,Key Lifecycle Management (Generation, Storage, Rotation, Revocation)",Post-Quantum Cryptography Migration with AI-Powered Key Management
SK50,skill,Reinforcement Learning for Hardware Control,AI/ML & LLM,classical-only,Phase 2 — FDE Track,yes,engineering,https://en.wikipedia.org/wiki/Reinforcement_learning,P06,"RL agents for continuous parameter tuning (pulse amplitudes, gate times), reward signals from gate fidelity metrics, and exploration-exploitation trade-offs.","Stable Baselines3, RLlib, custom RL loops","SK26,SK51",SK26,Hardware + ML synergy. Candidate's instrumentation background + PyTorch enables quick ramp.,"PyTorch Production Patterns (Distributed Training, Model Serving),Randomised Benchmarking Protocol Design","PyTorch Production Patterns (Distributed Training, Model Serving)",AI-Assisted Quantum Circuit Calibration for Multi-Qubit Gates
SK51,skill,Randomised Benchmarking Protocol Design,Quantum Computing,all,Phase 2 — FDE Track,yes,engineering,https://en.wikipedia.org/wiki/Quantum_computing,P06,"Randomised benchmarking measurement sequences, depolarising channels, fidelity extraction from decay curves, and error bar estimation.","Qiskit Experiments randomised benchmarking, custom measurement protocols","SK50,SK52","SK02,SK03",Precision measurement design. Maps to candidate's instrumentation methodologies.,"Reinforcement Learning for Hardware Control,Distributed ML Training (Ray/Spark)","Quantum Measurement Theory (Projective Measurements, POVMs & Born Rule),Quantum Decoherence & Relaxation Theory (T1/T2 Times, Lindblad Master Equation)",AI-Assisted Quantum Circuit Calibration for Multi-Qubit Gates
SK52,skill,"Distributed ML Training (Ray/Spark, Parameter Servers)",MLOps/LLMOps,classical-only,Phase 2 — FDE Track,yes,engineering,https://en.wikipedia.org/wiki/Distributed_machine_learning,P06,"Multi-GPU / multi-node training via Ray Tune or Spark MLlib, parameter server architectures, and gradient synchronisation.","Ray Tune, Horovod, Spark MLlib","SK51,SK53",,Honest gap. High-impact for P06 hardware calibration at scale.,"Randomised Benchmarking Protocol Design,MLOps & Continuous Retraining",,AI-Assisted Quantum Circuit Calibration for Multi-Qubit Gates
SK53,skill,MLOps & Continuous Retraining Pipelines,MLOps/LLMOps,classical-only,Phase 2 — FDE Track,yes,engineering,https://en.wikipedia.org/wiki/DevOps,P06,"Model versioning, retraining triggers based on performance drift, A/B testing infrastructure, and automated deployment of improved models.","MLflow, Kubeflow, Airflow DAGs","SK52,SK54","SK34,SK35",Honest gap. Critical for hardware calibration drift management.,"Distributed ML Training (Ray/Spark, Parameter Servers),Prometheus/Grafana Monitoring","Container Orchestration (Docker & Kubernetes),CI/CD & GitHub Actions (Automated Testing & Deployment)",AI-Assisted Quantum Circuit Calibration for Multi-Qubit Gates
SK54,skill,Prometheus/Grafana Monitoring & Alerting,MLOps/LLMOps,classical-only,Phase 1 — Foundation,yes,engineering,https://en.wikipedia.org/wiki/Prometheus_(software),P06,"Prometheus metrics collection, Grafana dashboard design, alerting rules for anomalies, and SLA tracking for production systems.","Prometheus, Grafana, AlertManager",SK53,,Honest gap. Learnable; ops rigour for production quantum systems.,MLOps & Continuous Retraining Pipelines,,AI-Assisted Quantum Circuit Calibration for Multi-Qubit Gates
SK55,skill,Variational Quantum Machine Learning (QML) Circuits,Quantum-AI Hybrid,all,Phase 2 — FDE Track,yes,hybrid,https://en.wikipedia.org/wiki/Quantum_machine_learning,P08,"Parametrised quantum circuits as feature maps and classifiers, barren plateau mitigation, and gradient-based optimisation.","PennyLane, Qiskit ML, TensorFlow Quantum","SK57,SK58,SK59","SK10,SK24",Emerging intersection: quantum + ML. Candidate's strengths map directly.,"Angle Encoding for Feature Maps,Barren Plateaus & Optimisation Challenges,LSTM Time-Series Forecasting","Variational Quantum Eigensolver (VQE) Algorithm,ML for Quantum Error Mitigation (Neural Networks for Noise Characterisation)",Variational Quantum Classifier for Anomaly Detection in Sensor Networks
SK56,skill,Angle Encoding for Feature Maps,Quantum-AI Hybrid,all,Phase 2 — FDE Track,yes,hybrid,https://en.wikipedia.org/wiki/Feature_extraction,P08,"Classical data to quantum state encoding: amplitude encoding, angle encoding, basis encoding for QML feature maps.","PennyLane feature maps, Qiskit data encoding circuits","SK55,SK58","SK01,SK04",Bridge skill between classical signals and quantum processing.,"Variational Quantum Machine Learning (QML) Circuits,Barren Plateaus & Optimisation Challenges","Quantum State Representation (Hilbert Spaces & Bra-Ket Notation),Quantum Gate Model & Universal Gate Sets (Clifford+T, Gate Depth)",Variational Quantum Classifier for Anomaly Detection in Sensor Networks
SK57,skill,Barren Plateaus & Variational Circuit Optimisation,Physics & Mathematics,all,Phase 3 — Quantum-AI Specialist,yes,theory,https://en.wikipedia.org/wiki/Quantum_machine_learning,P08,"Barren plateau phenomenon in variational quantum circuits: parameter concentration, gradient vanishing, and remediation via initialisation and problem structure.","PennyLane barren plateau analysis, custom optimisation studies","SK55,SK56","SK10,SK24",Advanced QML topic. Positions candidate as expert for Phase 3 trajectory.,"Variational Quantum Machine Learning (QML) Circuits,Angle Encoding for Feature Maps","Variational Quantum Eigensolver (VQE) Algorithm,ML for Quantum Error Mitigation (Neural Networks for Noise Characterisation)",Variational Quantum Classifier for Anomaly Detection in Sensor Networks
SK58,skill,Homomorphic Encryption Theory & Implementation,Enterprise Integration,classical-only,Phase 3 — Quantum-AI Specialist,yes,hybrid,https://en.wikipedia.org/wiki/Homomorphic_encryption,P09,"Fully homomorphic encryption (FHE) and somewhat homomorphic encryption (SHE): lattice-based constructions, computational cost, and privacy-preserving quantum protocols.","Microsoft SEAL, OpenFHE, Lattigo","SK60,SK61,SK62",,Cutting-edge security + quantum convergence. Premium FDE credential.,"Secure Multi-Party Computation (MPC),Privacy-Preserving Quantum Protocols,Cryptographic Circuit Design",,Secure Delegated Quantum Computation (SDQC) for Privacy-Preserving Drug Discovery
SK59,skill,Secure Multi-Party Computation (MPC),Enterprise Integration,classical-only,Phase 3 — Quantum-AI Specialist,yes,hybrid,https://en.wikipedia.org/wiki/Secure_multiparty_computation,P09,"Protocols for secure multi-party computation without trusted third party: secret sharing, threshold cryptography, and privacy guarantees.","MP-SPDZ, Shamir secret sharing libraries","SK58,SK61,SK62",SK58,Advanced privacy protocol. Quandela SDQC positioning.,"Homomorphic Encryption Theory & Implementation,Privacy-Preserving Quantum Protocols,Cryptographic Circuit Design",Homomorphic Encryption Theory & Implementation,Secure Delegated Quantum Computation (SDQC) for Privacy-Preserving Drug Discovery
SK60,skill,Privacy-Preserving Quantum Protocols (Blind Computation),Quantum-AI Hybrid,photonic,Phase 3 — Quantum-AI Specialist,yes,hybrid,https://en.wikipedia.org/wiki/Blind_quantum_computing,P09,"Quandela's SDQC protocol: blind computation on remote QPU, encrypted input/output, and privacy guarantees for proprietary data.","Perceval SDK SDQC extensions, Quandela cloud SDQC endpoint","SK58,SK59,SK61","SK16,SK58,SK59",Unique Quandela IP. Cutting-edge differentiator for pharma + secure quantum.,"Homomorphic Encryption Theory & Implementation,Secure Multi-Party Computation (MPC),Cryptographic Circuit Design","Photonic Quantum Optics (Coherent, Fock & Squeezed States),Homomorphic Encryption Theory & Implementation,Secure Multi-Party Computation (MPC)",Secure Delegated Quantum Computation (SDQC) for Privacy-Preserving Drug Discovery
SK61,skill,"Cryptographic Circuit Design (Garbled Circuits, Boolean Masking)",Enterprise Integration,classical-only,Phase 3 — Quantum-AI Specialist,yes,hybrid,https://en.wikipedia.org/wiki/Garbled_circuit,P09,"Boolean circuit encoding, garbled circuits for secure computation, and masking strategies for oblivious transfer protocols.","custom garbled circuit libraries, MPC toolkits","SK58,SK59,SK60","SK47,SK58",Advanced security protocol design. Positions candidate for Quandela premium roles.,"Homomorphic Encryption Theory & Implementation,Secure Multi-Party Computation (MPC),Privacy-Preserving Quantum Protocols (Blind Computation)","Cryptographic Protocol Design & Implementation,Homomorphic Encryption Theory & Implementation",Secure Delegated Quantum Computation (SDQC) for Privacy-Preserving Drug Discovery
SK62,skill,"Regulatory Compliance (FDA 21 CFR Part 11, EMA GMP Annex 11)",Enterprise Integration,classical-only,Phase 2 — FDE Track,yes,engineering,https://en.wikipedia.org/wiki/GxP,P09,"Regulatory frameworks for electronic records (FDA 21 CFR Part 11), data integrity, audit trails, and validation for pharmaceutical systems.","validation frameworks, audit logging libraries, GxP compliance tools","SK58,SK59,SK60",,Pharma-specific credibility. Candidate's EY audit experience bridges partially.,"Homomorphic Encryption Theory & Implementation,Secure Multi-Party Computation (MPC),Privacy-Preserving Quantum Protocols (Blind Computation)",,Secure Delegated Quantum Computation (SDQC) for Privacy-Preserving Drug Discovery
SK63,skill,"Tensor Network Theory (MPS, PEPS, MERA)",Physics & Mathematics,all,Phase 3 — Quantum-AI Specialist,yes,theory,https://en.wikipedia.org/wiki/Tensor_network,P10,"Matrix product states (MPS), projected entangled pair states (PEPS), and multi-scale entanglement renormalisation (MERA) for efficient classical simulation.","TeNPy, Tangled Tensor Network, JAX-based implementations","SK65,SK66,SK67","SK01,SK05,SK06",Advanced classical simulation. Research-level quantum computing credential.,"Graph Neural Networks (GNNs) for Quantum Circuits,Classical Tensor Contraction & opt_einsum,Quantum Circuit Benchmarking & Metrics","Quantum State Representation (Hilbert Spaces & Bra-Ket Notation),Complex Vector Spaces & Inner Products (Tensor Products, Kronecker Products),Eigendecomposition & Matrix Decompositions (SVD, QR, Spectral Theorem)",Tensor Network Classical Simulation + ML for Quantum Circuit Benchmarking
SK64,skill,Graph Neural Networks (GNNs) for Quantum Circuits,AI/ML & LLM,classical-only,Phase 2 — FDE Track,yes,engineering,https://en.wikipedia.org/wiki/Graph_neural_network,P10,"GNNs for quantum circuit representation (gate/qubit graph), contraction ordering prediction, and depth optimisation via learned policies.","PyTorch Geometric, DGL, custom GNN layers","SK63,SK26",SK26,Emerging skill: GNNs for quantum compilation. Candidate's PyTorch background enables quick mastery.,"Tensor Network Theory (MPS, PEPS, MERA),PyTorch Production Patterns (Distributed Training, Model Serving)","PyTorch Production Patterns (Distributed Training, Model Serving)",Tensor Network Classical Simulation + ML for Quantum Circuit Benchmarking
SK65,skill,Classical Tensor Contraction & opt_einsum,Quantum Computing,all,Phase 2 — FDE Track,yes,engineering,https://en.wikipedia.org/wiki/Einstein_notation,P10,"Tensor contraction ordering via Einstein summation (einsum), optimal path selection, and computational complexity minimisation.","numpy.einsum, opt_einsum, JAX einsum","SK63,SK66","SK05,SK06",Computational efficiency skill. Candidate's signal processing background may include einsum familiarity.,"Tensor Network Theory (MPS, PEPS, MERA),High-Performance Computing (HPC) Optimization","Complex Vector Spaces & Inner Products (Tensor Products, Kronecker Products),Eigendecomposition & Matrix Decompositions (SVD, QR, Spectral Theorem)",Tensor Network Classical Simulation + ML for Quantum Circuit Benchmarking
SK66,skill,Quantum Circuit Benchmarking & Metrics,Quantum Computing,all,Phase 2 — FDE Track,yes,engineering,https://en.wikipedia.org/wiki/Quantum_computing,"P10,P12","Quantum volume, CLOPS, circuit depth/width metrics, cross-platform benchmark comparisons, and simulator fidelity assessment.","Qiskit Benchmarks, QASMBench, Cirq benchmark suite","SK63,SK65,SK67","SK02,SK09",FDE differentiator: reproducible benchmarking for customer comparisons.,"Tensor Network Theory (MPS, PEPS, MERA),Classical Tensor Contraction & opt_einsum,High-Performance Computing (HPC) Optimization","Quantum Measurement Theory (Projective Measurements, POVMs & Born Rule),NISQ-Era Limitations & Error Mitigation Strategies","Tensor Network Classical Simulation + ML for Quantum Circuit Benchmarking,Multi-Modality Quantum Benchmark Aggregator & LLM-Powered Circuit Explainer"
SK67,skill,High-Performance Computing (HPC) Optimization,Data & Infra,classical-only,Phase 2 — FDE Track,yes,engineering,https://en.wikipedia.org/wiki/High-performance_computing,P10,"GPU memory hierarchies, CUDA optimisation, vectorisation, and parallel tensor contraction on multi-GPU systems.","CUDA, cupy, torch.cuda, Jax gpu acceleration","SK65,SK66",SK26,Honest gap but acquirable. Critical for P10 tensor network performance.,"Classical Tensor Contraction & opt_einsum,Quantum Circuit Benchmarking & Metrics","PyTorch Production Patterns (Distributed Training, Model Serving)",Tensor Network Classical Simulation + ML for Quantum Circuit Benchmarking
SK68,skill,LSTM Time-Series Forecasting,AI/ML & LLM,classical-only,Phase 1 — Foundation,no,engineering,https://en.wikipedia.org/wiki/Long_short-term_memory,"P08,P11","LSTM architecture for sequence modelling, multi-step forecasting, and time-series feature extraction for sensor data.","PyTorch LSTM, TensorFlow Keras, stateful/stateless configurations","SK26,SK55",SK26,Candidate's PyTorch + signal processing background maps directly. Likely already familiar.,"PyTorch Production Patterns (Distributed Training, Model Serving),Variational Quantum Machine Learning (QML)","PyTorch Production Patterns (Distributed Training, Model Serving)","Variational Quantum Classifier for Anomaly Detection in Sensor Networks,Cinema Demand Forecasting & Dynamic Pricing with Quantum Optimisation"
SK69,skill,Inventory Management & Constraint Optimization,Enterprise Integration,classical-only,Phase 2 — FDE Track,yes,engineering,https://en.wikipedia.org/wiki/Inventory_management,P11,"Supply chain constraints (stock levels, lead times, capacity), demand forecasting integration, and inventory-demand coupling in optimisation.","cvxpy optimisation, supply chain simulation libraries","SK29,SK30",SK30,"Domain-specific: cinema inventory (showtimes, screen capacity). Candidate interest aligns.","Real-Time Inference Acceleration & Latency Optimisation,QUBO & Ising Model Formulation",QUBO & Ising Model Formulation,Cinema Demand Forecasting & Dynamic Pricing with Quantum Optimisation
SK70,skill,Revenue Management & Dynamic Pricing Theory,Enterprise Integration,classical-only,Phase 2 — FDE Track,yes,engineering,https://en.wikipedia.org/wiki/Yield_management,P11,"Yield management principles, price elasticity, demand segmentation, and revenue maximisation under capacity constraints.","revenue management tools, pricing simulations","SK29,SK69",,Candidate's cinema interest + INSEAD strategy track enables rapid mastery.,"Real-Time Inference Acceleration & Latency Optimisation,Inventory Management & Constraint Optimization",,Cinema Demand Forecasting & Dynamic Pricing with Quantum Optimisation
SK71,skill,Technical Documentation & Developer Experience (DevEx),Product & Business,classical-only,Phase 1 — Foundation,no,engineering,https://en.wikipedia.org/wiki/Software_documentation,P12,"Clear API documentation, code examples, tutorial design, and community engagement for developer adoption.","Sphinx, MkDocs, Jupyter notebooks","SK72,SK73",,Candidate's startup + INSEAD communication background likely covers this.,"Benchmark Design & Metrics,Multi-SDK Integration & Transpilation",,Multi-Modality Quantum Benchmark Aggregator & LLM-Powered Circuit Explainer
SK72,skill,Benchmark Design & Evaluation Metrics,Quantum Computing,all,Phase 2 — FDE Track,yes,engineering,https://en.wikipedia.org/wiki/Benchmark_(computing),P12,"Designing fair benchmarks across modalities, metrics selection, reproducibility standards, and statistical significance testing.","QASMBench, Quantum Benchmarks, custom benchmark suites","SK66,SK71,SK73",SK66,FDE research + community credibility. Positions candidate as thought leader.,"Quantum Circuit Benchmarking & Metrics,Technical Documentation & Developer Experience (DevEx),Multi-SDK Integration & Transpilation",Quantum Circuit Benchmarking & Metrics,Multi-Modality Quantum Benchmark Aggregator & LLM-Powered Circuit Explainer
SK73,skill,Multi-SDK Integration & Circuit Transpilation,Quantum Computing,all,Phase 2 — FDE Track,yes,engineering,https://en.wikipedia.org/wiki/Transpiler,P12,"Translating between Qiskit, Cirq, PennyLane, Perceval circuit representations, and unified circuit IR for cross-platform benchmarking.","Qiskit transpiler, Cirq conversion utilities, custom IR layers","SK71,SK72",SK04,Developer tools expertise. Mistral/AMI Labs open-source credibility.,"Technical Documentation & Developer Experience (DevEx),Benchmark Design & Evaluation Metrics","Quantum Gate Model & Universal Gate Sets (Clifford+T, Gate Depth)",Multi-Modality Quantum Benchmark Aggregator & LLM-Powered Circuit Explainer
SK74,skill,Community & Open-Source Engagement,Product & Business,classical-only,Phase 1 — Foundation,no,engineering,https://en.wikipedia.org/wiki/Open-source_software,P12,"GitHub community management, issue triage, PR review, and fostering developer adoption for open quantum tooling.","GitHub, Slack communities, Discord, Reddit r/quantum",SK71,,Candidate's startup background + INSEAD network skills enable this.,Technical Documentation & Developer Experience (DevEx),,Multi-Modality Quantum Benchmark Aggregator & LLM-Powered Circuit Explainer
